degree,mse_train,r2_train,cross_val_mean_train,cross_val_std_train,mse_test,r2_test,cross_val_mean_test,cross_val_std_test
20,6470020.069529948,0.8312145226126183,-1654.4635969270562,4269.997097042039,11250041.563210266,0.36778446455053226,-10410.81291977237,34587.3608382787
20,6470020.069529948,0.8312145226126183,-1654.4635969270562,4269.997097042039,11250041.563210266,0.36778446455053226,-10410.81291977237,34587.3608382787
20,6470020.069529948,0.8312145226126183,-1654.4635969270562,4269.997097042039,11250041.563210266,0.36778446455053226,-10410.81291977237,34587.3608382787
20,6470020.069529948,0.8312145226126183,-1654.4635969270562,4269.997097042039,11250041.563210266,0.36778446455053226,-10410.81291977237,34587.3608382787
20,6470020.069529948,0.8312145226126183,-1654.4635969270562,4269.997097042039,11250041.563210266,0.36778446455053226,-10410.81291977237,34587.3608382787
